Data,Valor
2022-01-01,2.4835707650561636
2022-01-02,-0.64592683703637
2022-01-03,3.3292316200082244
2022-01-04,7.751331655966247
2022-01-05,-0.9891922796528836
2022-01-06,-0.9437196032334275
2022-01-07,8.168417806023148
2022-01-08,4.154913472587714
2022-01-09,-1.9842488611840976
2022-01-10,3.1213032634196063
2022-01-11,-1.8632091142019669
2022-01-12,-1.8293971941655869
2022-01-13,1.7544306669277332
2022-01-14,-8.976419075008122
2022-01-15,-7.989249479086583
2022-01-16,-2.130746139208321
2022-01-17,-4.3381183904638165
2022-01-18,2.3426130515363175
2022-01-19,-3.7234117460311182
2022-01-20,-6.19948497381753
2022-01-21,8.235594529712378
2022-01-22,-0.1762218213361546
2022-01-23,1.3356011371555259
2022-01-24,-6.0804893551217845
2022-01-25,-1.6333799617515348
2022-01-26,1.6884189102521145
2022-01-27,-4.575899815364578
2022-01-28,3.102809676172215
2022-01-29,-1.7336333562378372
2022-01-30,-0.14367955678936517
2022-01-31,-1.6485265864122955
2022-02-01,10.6666024575423
2022-02-02,1.382917843389416
2022-02-03,-3.7929712795374
2022-02-04,5.653473884420106
2022-02-05,-4.518316812213036
2022-02-06,2.675357276220552
2022-02-07,-8.122188109920762
2022-02-08,-4.919659586922473
2022-02-09,2.7506695200791875
2022-02-10,5.503773054392269
2022-02-11,2.7133421001980182
2022-02-12,1.3233031441176757
2022-02-13,0.4410528579250721
2022-02-14,-5.401029321924403
2022-02-15,-1.562649007357079
2022-02-16,-0.22164870817023408
2022-02-17,7.412110693906868
2022-02-18,3.889526328093991
2022-02-19,-6.598850080555922
2022-02-20,3.8816664553464895
2022-02-21,0.3807108122923748
2022-02-22,-1.0336328892490299
2022-02-23,5.454192344561436
2022-02-24,7.595620789597112
2022-02-25,7.141814136911938
2022-02-26,-1.6659060240861807
2022-02-27,1.0288650492431446
2022-02-28,4.275966307328298
2022-03-01,7.542073492909513
2022-03-02,0.31315146035014907
2022-03-03,1.8253782442271955
2022-03-04,-2.7333759781359968
2022-03-05,-3.1381335768028262
2022-03-06,6.950103795914448
2022-03-07,9.71322405735749
2022-03-08,2.6164962292661893
2022-03-09,8.038707543596466
2022-03-10,4.873692293163016
2022-03-11,-0.11564499165497422
2022-03-12,4.961345525179109
2022-03-13,10.888935752547848
2022-03-14,3.0639794573931542
2022-03-15,11.110655579051272
2022-03-16,-9.766990054601477
2022-03-17,7.485516277280773
2022-03-18,3.8554771150622096
2022-03-19,1.9694123744947305
2022-03-20,3.967429302880544
2022-03-21,-6.385074312687797
2022-03-22,2.4985238146586823
2022-03-23,5.426526865409274
2022-03-24,11.074482353478102
2022-03-25,1.1376761360657226
2022-03-26,-0.26945910540582974
2022-03-27,1.3081715653416564
2022-03-28,8.43788104757315
2022-03-29,5.548505094175368
2022-03-30,1.2997926347031905
2022-03-31,6.5587395578600605
2022-04-01,4.521563119547288
2022-04-02,8.92313715883359
2022-04-03,0.6133470345105207
2022-04-04,2.5289651449535873
2022-04-05,2.2503611750324204
2022-04-06,-3.0630844356800537
2022-04-07,5.778641969405102
2022-04-08,5.646828752626968
2022-04-09,4.410592625314054
2022-04-10,3.255523382975101
2022-04-11,-2.605000580166174
2022-04-12,2.411980584561004
2022-04-13,2.8449482881778647
2022-04-14,0.5904074177835721
2022-04-15,3.8385969363150494
2022-04-16,6.708469964650064
2022-04-17,14.162293445739003
2022-04-18,5.647358954626083
2022-04-19,6.105285105529192
2022-04-20,4.488323764703392
2022-04-21,-4.690325991158764
2022-04-22,4.81389362060398
2022-04-23,5.290502751827822
2022-04-24,17.3484063821524
2022-04-25,4.113190148854484
2022-04-26,6.625485495526329
2022-04-27,4.986898027664956
2022-04-28,-0.6402713146262018
2022-04-29,10.959848472533292
2022-04-30,9.04796824389517
2022-05-01,9.285984275561265
2022-05-02,0.826361131563706
2022-05-03,12.429695857205104
2022-05-04,-1.55115345559593
2022-05-05,8.434716169692216
2022-05-06,16.494988586758993
2022-05-07,0.6322591325569187
2022-05-08,2.795632583557235
2022-05-09,6.167508333196611
2022-05-10,3.1939529467534418
2022-05-11,-1.9999571638699027
2022-05-12,6.138152335932873
2022-05-13,0.5257446924033635
2022-05-14,8.247099175016167
2022-05-15,1.3238372067557407
2022-05-16,13.7123989885992
2022-05-17,2.0881759517689766
2022-05-18,4.435796782191907
2022-05-19,10.15529853578396
2022-05-20,-0.025055274821386142
2022-05-21,7.308065248874342
2022-05-22,12.74792366390585
2022-05-23,-1.7838172768441138
2022-05-24,7.218101518269439
2022-05-25,7.63562349268275
2022-05-26,10.286544783020197
2022-05-27,0.23384102063851042
2022-05-28,-0.1425814492802182
2022-05-29,9.110459018246562
2022-05-30,8.026666306630489
2022-05-31,7.835140762836372
2022-06-01,8.355792594322274
2022-06-02,3.264244085205236
2022-06-03,7.8663930818328875
2022-06-04,8.211184268963613
2022-06-05,3.2147021698415963
2022-06-06,16.15590887252072
2022-06-07,9.236717326473833
2022-06-08,0.9514906390072353
2022-06-09,10.231170219699118
2022-06-10,2.115326176450318
2022-06-11,10.964427848778563
2022-06-12,12.862190631615618
2022-06-13,3.0059463087153953
2022-06-14,11.966320622067858
2022-06-15,9.253363252219753
2022-06-16,11.339714281113142
2022-06-17,16.75326913627602
2022-06-18,6.082189920229524
2022-06-19,3.5802111489400437
2022-06-20,2.9410161449717602
2022-06-21,3.349167701946853
2022-06-22,7.082275584871808
2022-06-23,9.213042843658613
2022-06-24,8.930169298078859
2022-06-25,11.721997035226455
2022-06-26,7.6903885581538995
2022-06-27,14.932280277502056
2022-06-28,6.380488667642834
2022-06-29,21.343713423801155
2022-06-30,10.910230568147389
2022-07-01,3.5350634345168617
2022-07-02,2.50527693054919
2022-07-03,10.310920187301758
2022-07-04,6.819993030480335
2022-07-05,11.545988100032496
2022-07-06,10.380781922818754
2022-07-07,7.688986577275808
2022-07-08,3.8576287342106568
2022-07-09,0.5557559024959602
2022-07-10,5.935740159186955
2022-07-11,12.488559652655677
2022-07-12,9.315212707675437
2022-07-13,2.0541556213296825
2022-07-14,9.186786572161823
2022-07-15,10.28542784885599
2022-07-16,3.9774390358104883
2022-07-17,9.20316295332958
2022-07-18,8.763317844560063
2022-07-19,2.7950848964899926
2022-07-20,10.336460308810521
2022-07-21,11.38895793286646
2022-07-22,14.03772766869821
2022-07-23,13.928841908840077
2022-07-24,1.8087687358782816
2022-07-25,4.045197722252064
2022-07-26,11.346629712119817
2022-07-27,11.377436382801921
2022-07-28,11.420720800596774
2022-07-29,28.146037743491704
2022-07-30,11.773652637748496
2022-07-31,14.633769645676434
2022-08-01,13.762612883599433
2022-08-02,12.286143900267952
2022-08-03,7.489345650701692
2022-08-04,12.896962556347086
2022-08-05,5.274335009181223
2022-08-06,7.990632423314267
2022-08-07,6.784091540268143
2022-08-08,9.656382947050838
2022-08-09,20.856326904509082
2022-08-10,-0.017351517505657554
2022-08-11,12.78613402886439
2022-08-12,1.3270303147164526
2022-08-13,7.066644603404015
2022-08-14,14.906668553743485
2022-08-15,9.818844383643297
2022-08-16,4.144165909300409
2022-08-17,5.991733264753819
2022-08-18,13.001518779953456
2022-08-19,5.986891024827676
2022-08-20,10.756126916147203
2022-08-21,9.936718303054914
2022-08-22,6.485797566067143
2022-08-23,20.498374732339244
2022-08-24,12.9830188767794
2022-08-25,-0.27760547294373694
2022-08-26,10.814976663859406
2022-08-27,6.608284050206326
2022-08-28,14.213807707311975
2022-08-29,6.023375097601965
2022-08-30,9.446547158953189
2022-08-31,12.579328881768811
2022-09-01,14.41724384735834
2022-09-02,4.120973225978133
2022-09-03,8.483848188998556
2022-09-04,7.815438369677189
2022-09-05,6.957240499409531
2022-09-06,19.084790510235102
2022-09-07,12.31597115123536
2022-09-08,4.020096485759071
2022-09-09,14.947189760530392
2022-09-10,21.001934619441755
2022-09-11,15.586663123106366
2022-09-12,2.8605794900245733
2022-09-13,8.06926050607636
2022-09-14,16.857896956897797
2022-09-15,7.017812753228274
2022-09-16,12.807984363151878
2022-09-17,14.494692643435044
2022-09-18,6.01941292815307
2022-09-19,10.388888915589012
2022-09-20,-5.48746334918501
2022-09-21,5.629199791566994
2022-09-22,9.520468627676937
2022-09-23,4.576471349164982
2022-09-24,19.009427890660575
2022-09-25,3.728554581715051
2022-09-26,8.71083487900213
2022-09-27,11.596461533407108
2022-09-28,18.18073167450563
2022-09-29,3.8265660584963026
2022-09-30,16.85311191984413
2022-10-01,11.119779325866832
2022-10-02,6.192295902950631
2022-10-03,13.441485702483096
2022-10-04,12.157299778535812
2022-10-05,8.191853443012487
2022-10-06,11.572788103784973
2022-10-07,9.327952630845086
2022-10-08,11.852753129568727
2022-10-09,14.626368182616517
2022-10-10,19.27624968383201
2022-10-11,5.187441057472238
2022-10-12,22.071940298968286
2022-10-13,1.6764909990686885
2022-10-14,10.708062561911143
2022-10-15,14.438533353001258
2022-10-16,12.93176696066282
2022-10-17,8.443071118225788
2022-10-18,10.54561913200316
2022-10-19,9.150787726442328
2022-10-20,8.698430759996334
2022-10-21,15.922627084569005
2022-10-22,13.48895577571933
2022-10-23,8.268491590811953
2022-10-24,16.26009942459236
2022-10-25,13.32755717670282
2022-10-26,15.884228522680786
2022-10-27,14.99681911343184
2022-10-28,7.7323552327836005
2022-10-29,9.104978668536784
2022-10-30,15.670803467314954
2022-10-31,15.014536123803417
2022-11-01,11.886423758436035
2022-11-02,12.605712948241532
2022-11-03,18.435441982254247
2022-11-04,9.11719899649361
2022-11-05,14.838378048423575
2022-11-06,11.119659646862154
2022-11-07,11.069845025155129
2022-11-08,17.679659601760406
2022-11-09,16.340277359274534
2022-11-10,16.30805984376045
2022-11-11,18.795117332036437
2022-11-12,12.39984952743027
2022-11-13,15.73159739788666
2022-11-14,10.797395989625471
2022-11-15,13.996353586387858
2022-11-16,11.751493236015351
2022-11-17,12.913769462913015
2022-11-18,15.431050156300696
2022-11-19,8.3905310813235
2022-11-20,22.969834238893526
2022-11-21,7.50396802919409
2022-11-22,6.48916248214165
2022-11-23,18.376603877302077
2022-11-24,16.570200120108147
2022-11-25,15.758215876519149
2022-11-26,15.80496730398911
2022-11-27,12.62752151152863
2022-11-28,8.22789161562993
2022-11-29,13.118486669312798
2022-11-30,9.378847864123273
2022-12-01,17.66533960151085
2022-12-02,12.079430341672868
2022-12-03,8.712099215912879
2022-12-04,11.257415413424516
2022-12-05,14.953652622482101
2022-12-06,10.09491446186578
2022-12-07,8.826868107259454
2022-12-08,14.180729826530802
2022-12-09,14.211340975011721
2022-12-10,10.475897102366176
2022-12-11,10.679416664478316
2022-12-12,14.218743291837894
2022-12-13,5.841847356013438
2022-12-14,6.068615544180487
2022-12-15,9.537268405924648
2022-12-16,12.085698444066008
2022-12-17,14.730806167431792
2022-12-18,20.57627286075794
2022-12-19,17.510902483026587
2022-12-20,12.445913318643576
2022-12-21,13.173415398145083
2022-12-22,8.278628810053945
2022-12-23,13.221377735204268
2022-12-24,11.893206450100331
2022-12-25,14.972536986133033
2022-12-26,9.245122180548448
2022-12-27,16.000230222754073
2022-12-28,21.08930087574187
2022-12-29,12.903802001468806
2022-12-30,15.478045430346334
2022-12-31,16.941978368143097
2023-01-01,11.506815025428022
2023-01-02,14.65492602794405
2023-01-03,13.618858990168576
2023-01-04,14.065597855609983
2023-01-05,9.73337570667842
2023-01-06,13.742069525410082
2023-01-07,16.130490783500203
2023-01-08,20.917084565675715
2023-01-09,18.478474265441207
2023-01-10,24.468672323738378
2023-01-11,9.88654830106809
2023-01-12,18.105301443262604
2023-01-13,14.680706385336387
2023-01-14,24.73319496191629
2023-01-15,9.762758541149942
2023-01-16,9.625596054105166
2023-01-17,10.847082853284798
2023-01-18,3.244293687648259
2023-01-19,11.254608738824736
2023-01-20,10.107217284332041
2023-01-21,14.674231375056971
2023-01-22,15.65030917806518
2023-01-23,23.341535259278096
2023-01-24,18.73183682861613
2023-01-25,11.11412064864659
2023-01-26,9.525371479959238
2023-01-27,16.49573113149757
2023-01-28,7.453544112068173
2023-01-29,23.23046319538245
2023-01-30,19.988713445550992
2023-01-31,11.76386222668313
2023-02-01,5.562179570349304
2023-02-02,20.91520981384354
2023-02-03,13.591028359237823
2023-02-04,20.370572621156285
2023-02-05,6.226999995817876
2023-02-06,11.219794077021293
2023-02-07,14.260302188047222
2023-02-08,14.486284675157737
2023-02-09,12.018235809953737
2023-02-10,17.399877660549894
2023-02-11,8.964473981499241
2023-02-12,13.607510060117164
2023-02-13,14.937600158264637
2023-02-14,16.92491377399404
2023-02-15,17.927274620882947
2023-02-16,8.76235335534649
2023-02-17,6.731239438317708
2023-02-18,20.80632370970271
2023-02-19,16.095521737857474
2023-02-20,10.707413782631424
2023-02-21,22.221383781747488
2023-02-22,15.059657108537603
2023-02-23,20.39331242889213
2023-02-24,14.849843971420375
2023-02-25,24.83129867600268
2023-02-26,23.319453130980378
2023-02-27,13.31300037340619
2023-02-28,19.430630348787886
2023-03-01,17.814492054040983
2023-03-02,21.445488993863925
2023-03-03,9.7923149468762
2023-03-04,18.06167269372794
2023-03-05,19.937903030621648
2023-03-06,5.8663303852676165
2023-03-07,8.757864454526432
2023-03-08,4.492007271479725
2023-03-09,13.355027036324795
2023-03-10,18.303547406926718
2023-03-11,22.241278145648188
2023-03-12,15.113505350400434
2023-03-13,22.899529514695544
2023-03-14,7.869246580599264
2023-03-15,6.266025478324577
2023-03-16,14.518264676332882
2023-03-17,16.729277578616575
2023-03-18,14.658305400444238
2023-03-19,4.497279069505769
2023-03-20,14.401481402035879
2023-03-21,8.337207708786407
2023-03-22,18.2202731311036
2023-03-23,16.717138340531925
2023-03-24,10.196866433880526
2023-03-25,12.338930553006936
2023-03-26,9.624078810854854
2023-03-27,14.618513710116332
2023-03-28,19.71926506128636
2023-03-29,10.026448967462738
2023-03-30,17.486718988504144
2023-03-31,12.3264869969983
2023-04-01,11.024581067827523
2023-04-02,14.464845029545558
2023-04-03,9.834718276273328
2023-04-04,12.25349787993649
2023-04-05,9.04305092306349
2023-04-06,24.866643494146103
2023-04-07,15.229794501793421
2023-04-08,11.565189589154848
2023-04-09,16.143938552187453
2023-04-10,14.522502110484448
2023-04-11,13.98927922293136
2023-04-12,18.174827095327732
2023-04-13,18.901280045736716
2023-04-14,12.47086519814019
2023-04-15,12.253790729795952
2023-04-16,13.767016017456427
2023-04-17,3.641942841739514
2023-04-18,7.584749128677316
2023-04-19,22.004113184640918
2023-04-20,23.40349947901737
2023-04-21,13.942281458417884
2023-04-22,18.07892892241789
2023-04-23,16.760959064103044
2023-04-24,30.60755827967339
2023-04-25,20.81935653220757
2023-04-26,14.590103578155368
2023-04-27,10.460080748630876
2023-04-28,7.213524656030991
2023-04-29,16.270929667415714
2023-04-30,11.479594954356253
2023-05-01,8.157699325686764
2023-05-02,12.043604685219599
2023-05-03,9.876112402035956
2023-05-04,23.726826032521735
2023-05-05,19.706464246186442
2023-05-06,15.26543207161649
2023-05-07,22.71192804853728
2023-05-08,15.705843275382804
2023-05-09,11.019257470168878
2023-05-10,22.94785801026439
2023-05-11,18.033229449112177
2023-05-12,10.158772579116045
2023-05-13,14.399516648688886
2023-05-14,10.979208085245439
2023-05-15,8.449272692909462
2023-05-16,20.0000138226375
2023-05-17,24.921946826840944
2023-05-18,8.38764615913431
2023-05-19,18.200833543005754
2023-05-20,12.138160837592025
2023-05-21,12.96101614648055
2023-05-22,12.43982595218265
2023-05-23,11.086877427921888
2023-05-24,15.654358384145619
2023-05-25,11.261801967292687
2023-05-26,16.7735223930516
2023-05-27,15.174616916023727
2023-05-28,14.235519988182375
2023-05-29,10.896778308875273
2023-05-30,12.554960078709462
2023-05-31,19.219876769000432
2023-06-01,17.951494363497886
2023-06-02,10.563003946779043
2023-06-03,15.951197487288448
2023-06-04,19.215111495804273
2023-06-05,7.114673608405294
2023-06-06,18.181909415446306
2023-06-07,12.155282492394841
2023-06-08,18.32457194865599
2023-06-09,11.658344718847449
2023-06-10,6.4531765650942745
2023-06-11,7.342706211895292
2023-06-12,15.723559329966047
2023-06-13,16.78434826084963
2023-06-14,10.966638841683245
2023-06-15,18.683555635942692
2023-06-16,7.185249667317805
2023-06-17,15.164592987017974
2023-06-18,9.441938452607204
2023-06-19,12.239751959092064
2023-06-20,15.73772458418862
2023-06-21,11.200348922167791
2023-06-22,13.58120844990758
2023-06-23,20.536906652449595
2023-06-24,12.622325819648458
2023-06-25,19.686474528107315
2023-06-26,9.860594850054522
2023-06-27,18.159151640283792
2023-06-28,22.718862071271356
2023-06-29,3.153571393979899
2023-06-30,11.52797937405175
2023-07-01,18.398364996382725
2023-07-02,14.498213215103943
2023-07-03,17.36949249759082
2023-07-04,12.494047509297676
2023-07-05,15.947020146597197
2023-07-06,14.735670381662045
2023-07-07,21.35283992949807
2023-07-08,16.785794744952618
2023-07-09,17.20135272355458
2023-07-10,13.453491578924268
2023-07-11,13.074270532626034
2023-07-12,13.348824341228731
2023-07-13,17.483078141558778
2023-07-14,13.404985836345732
2023-07-15,16.957762137905135
2023-07-16,25.884760403897694
2023-07-17,19.862137572739393
2023-07-18,13.875043272021541
2023-07-19,21.509766799349084
2023-07-20,13.461746104809755
2023-07-21,5.309815749776256
2023-07-22,10.45821215113451
2023-07-23,6.142779356210417
2023-07-24,13.737156924871881
2023-07-25,15.584691906746324
2023-07-26,23.87255267503798
2023-07-27,17.122659678948477
2023-07-28,14.390067613909663
2023-07-29,19.630036522110164
2023-07-30,4.424661500149792
2023-07-31,16.655631497122915
2023-08-01,19.328996732726104
2023-08-02,8.078743150636939
2023-08-03,21.187339936848176
2023-08-04,17.157838991377833
2023-08-05,13.385596677372696
2023-08-06,18.622517099601172
2023-08-07,26.808535980127793
2023-08-08,16.360759460173814
2023-08-09,16.688780355067884
2023-08-10,13.147015083900511
2023-08-11,11.190632987374611
2023-08-12,19.587462442555864
2023-08-13,11.151186205708688
2023-08-14,15.785152126556824
2023-08-15,13.034643122396632
2023-08-16,17.81333289329789
2023-08-17,17.08214187520821
2023-08-18,20.59682301467126
2023-08-19,12.85422778990625
2023-08-20,14.050016331740533
2023-08-21,10.500548574839527
2023-08-22,13.167772109963156
2023-08-23,17.270507433985664
2023-08-24,19.16361010424807
2023-08-25,10.76239813949131
2023-08-26,19.715707981856617
2023-08-27,22.140217373619482
2023-08-28,17.42344856825585
2023-08-29,24.734395559934768
2023-08-30,11.475509618513616
2023-08-31,9.115118086881743
2023-09-01,6.438623422707931
2023-09-02,22.8061765659318
2023-09-03,18.591411113279417
2023-09-04,15.035184987262646
2023-09-05,16.706374877731086
2023-09-06,9.672408015907497
2023-09-07,27.521832967848233
2023-09-08,15.932297318454715
2023-09-09,15.826182453422625
2023-09-10,18.90095761747211
2023-09-11,17.669985833957305
2023-09-12,16.37707434882816
2023-09-13,11.29789609357028
2023-09-14,17.60012410857887
2023-09-15,24.645318784833673
2023-09-16,21.95461076015547
2023-09-17,23.18565835794952
2023-09-18,12.65576222868568
2023-09-19,10.255832809799372
2023-09-20,14.566839749625366
2023-09-21,15.46621771517003
2023-09-22,20.650271141216077
2023-09-23,6.708612615080586
2023-09-24,22.810211624700266
2023-09-25,14.363847077645637
2023-09-26,13.010810274957844
2023-09-27,10.0759255463252
2023-09-28,6.8532988389236476
2023-09-29,19.234473106452633
2023-09-30,15.476151459955842
2023-10-01,8.650602249020107
2023-10-02,8.615761935961961
2023-10-03,13.402885512868378
2023-10-04,23.41747425406653
2023-10-05,13.76487213627409
2023-10-06,7.537481283186899
2023-10-07,13.814753018413999
2023-10-08,13.670028159845382
2023-10-09,1.539296089704015
2023-10-10,14.742244141272185
2023-10-11,13.848941114537364
2023-10-12,18.474447253399223
2023-10-13,24.227904190713723
2023-10-14,20.605564025262645
2023-10-15,13.617817714251002
2023-10-16,9.419061294965879
2023-10-17,27.80782716400164
2023-10-18,15.226365520708047
2023-10-19,14.98907316435673
2023-10-20,14.787863033228247
2023-10-21,15.88788270607615
2023-10-22,14.164536206273233
2023-10-23,12.006816787149965
2023-10-24,12.129530125890625
2023-10-25,14.68866621039172
2023-10-26,12.123826419044356
2023-10-27,11.265149324522874
2023-10-28,15.349867856673365
2023-10-29,13.531079896740819
2023-10-30,22.314091246989705
2023-10-31,1.5273489072706106
2023-11-01,20.227715450315088
2023-11-02,20.98850226339313
2023-11-03,4.378932391273663
2023-11-04,13.020165252042913
2023-11-05,12.86403125386858
2023-11-06,7.671222440520731
2023-11-07,10.80715605289563
2023-11-08,9.130732365385736
2023-11-09,23.432249716494496
2023-11-10,19.336489457265515
2023-11-11,21.00298732585328
2023-11-12,18.240601180382622
2023-11-13,8.97392594703293
2023-11-14,11.983442633088874
2023-11-15,17.039691436164414
2023-11-16,8.468870042024594
2023-11-17,18.1311077724804
2023-11-18,13.351011533383616
2023-11-19,12.664974046142245
2023-11-20,18.08023443251013
2023-11-21,16.733024896122714
2023-11-22,12.693068789086295
2023-11-23,20.28065774045099
2023-11-24,9.06471931168082
2023-11-25,17.535659626668924
2023-11-26,17.4073522368549
2023-11-27,12.879897115851415
2023-11-28,16.04399709788834
2023-11-29,8.14338638731713
2023-11-30,19.004631556568047
2023-12-01,13.445448179696376
2023-12-02,11.741726673091536
2023-12-03,19.58569163429621
2023-12-04,10.804151901663257
2023-12-05,7.268710146790525
2023-12-06,6.512938766243186
2023-12-07,17.311124433853358
2023-12-08,7.8638403038233875
2023-12-09,23.024793020153098
2023-12-10,3.825933079232483
2023-12-11,22.70254324367413
2023-12-12,15.259953608532097
2023-12-13,13.705829482659343
2023-12-14,11.449252590033211
2023-12-15,16.153906104754824
2023-12-16,13.954354371806774
2023-12-17,19.643264803031315
2023-12-18,14.682046620306023
2023-12-19,14.846495961213494
2023-12-20,12.260930981315639
2023-12-21,13.778195243420196
2023-12-22,15.5857902777456
2023-12-23,5.479724614208749
2023-12-24,7.273352006308832
2023-12-25,17.714239844488233
2023-12-26,14.835814864653019
2023-12-27,13.045067658752586
2023-12-28,14.040579364821427
2023-12-29,15.669672604214181
2023-12-30,11.216249400001754
2023-12-31,10.006737573047133
2024-01-01,14.860630877394314
2024-01-02,8.972614448814465
2024-01-03,15.888746514207467
2024-01-04,5.317500108400337
2024-01-05,18.959063037646324
2024-01-06,16.15907064506523
2024-01-07,15.058962280993999
2024-01-08,18.674931234714954
2024-01-09,22.071443907498846
2024-01-10,18.79845038140687
2024-01-11,4.504690608809987
2024-01-12,7.2935723168437425
2024-01-13,10.549693661666428
2024-01-14,13.786505554838804
2024-01-15,16.226543854014185
2024-01-16,9.99166316903031
2024-01-17,14.536284917328363
2024-01-18,9.807541012875113
2024-01-19,10.508807302233322
2024-01-20,6.514967882412945
2024-01-21,8.913920937281102
2024-01-22,6.753415038216757
2024-01-23,8.614160143462122
2024-01-24,18.74336152407378
2024-01-25,8.709722367981403
2024-01-26,26.60012989437398
2024-01-27,15.886250668824559
2024-01-28,14.325222563287596
2024-01-29,9.09057336115405
2024-01-30,16.865171864616215
2024-01-31,10.466633782280844
2024-02-01,13.93601302581374
2024-02-02,26.107468629802554
2024-02-03,12.8077697266971
2024-02-04,19.015400799532127
2024-02-05,9.734058996802482
2024-02-06,13.055847992130577
2024-02-07,22.065585669825424
2024-02-08,10.057482332263202
2024-02-09,22.235238981609882
2024-02-10,16.692378239212683
2024-02-11,10.321851212344924
2024-02-12,16.276734836891684
2024-02-13,17.957924320466034
2024-02-14,16.184603056714188
2024-02-15,5.204776424355377
2024-02-16,9.40050689069733
2024-02-17,11.778838669504157
2024-02-18,12.624450474855076
2024-02-19,16.080110941715446
2024-02-20,13.845335718235246
2024-02-21,6.260136971735836
2024-02-22,14.817824230873114
2024-02-23,15.949688439002635
2024-02-24,15.675585583116076
2024-02-25,18.260359864808137
2024-02-26,17.00583953521162
2024-02-27,15.11185168565746
2024-02-28,12.444795631237186
2024-02-29,4.470443162871765
2024-03-01,14.902913682465163
2024-03-02,13.77278726550009
2024-03-03,14.071721117753128
2024-03-04,6.309514387224192
2024-03-05,7.267357505106208
2024-03-06,17.91774039528249
2024-03-07,12.433489636387563
2024-03-08,16.01801190065591
2024-03-09,12.731297409671278
2024-03-10,12.717637825407275
2024-03-11,17.239382617520235
2024-03-12,9.946801644721008
2024-03-13,12.986646485320763
2024-03-14,10.173639467249494
2024-03-15,10.291464458355046
2024-03-16,10.896971417247732
2024-03-17,13.532344466428137
2024-03-18,10.006733588975258
2024-03-19,18.658016310831464
2024-03-20,7.884916435948493
2024-03-21,11.402270650999695
2024-03-22,10.116608548631827
2024-03-23,19.528747656646246
2024-03-24,13.255186322712886
2024-03-25,17.410149537378455
2024-03-26,4.801599954005688
2024-03-27,13.543089092106555
2024-03-28,16.634389034463798
2024-03-29,12.576014032387063
2024-03-30,17.470317113590934
2024-03-31,9.5347566495704
2024-04-01,19.146182659769433
2024-04-02,23.572145920515425
2024-04-03,10.241636016889284
2024-04-04,9.80645379055592
2024-04-05,19.278990812563315
2024-04-06,19.887996025546663
2024-04-07,9.353867261525558
2024-04-08,9.845231033081285
2024-04-09,10.51520580719352
2024-04-10,5.179806432126787
2024-04-11,7.286696185144017
2024-04-12,6.8371162005279364
2024-04-13,7.996663904328012
2024-04-14,11.640026960077256
2024-04-15,12.962293091603078
2024-04-16,19.521458683166667
2024-04-17,6.754891957734657
2024-04-18,16.645949642556083
2024-04-19,10.632038858819106
2024-04-20,11.432280297459926
2024-04-21,15.031282803657176
2024-04-22,6.021132859112976
2024-04-23,13.524320844957169
2024-04-24,12.422034221578228
2024-04-25,14.029502883077633
2024-04-26,12.990535878160332
2024-04-27,23.79861256415643
2024-04-28,8.310804657377169
2024-04-29,8.821886423676274
2024-04-30,8.33850949091105
2024-05-01,8.654142154463672
2024-05-02,8.221882842725535
2024-05-03,17.331167364729865
2024-05-04,18.46584807948426
2024-05-05,8.48681380129318
2024-05-06,7.155962535222409
2024-05-07,13.651990413886898
2024-05-08,8.510947142852071
2024-05-09,14.413849087276326
2024-05-10,12.240911040047955
2024-05-11,3.6246600025170475
2024-05-12,18.91797033190501
2024-05-13,20.136875946391903
2024-05-14,8.07056729417132
2024-05-15,9.173006424961073
2024-05-16,12.517825371264834
2024-05-17,12.737747678337742
2024-05-18,14.335131923327296
2024-05-19,21.07036200940793
2024-05-20,10.111514261240055
2024-05-21,6.981657990351286
2024-05-22,4.053425022386075
2024-05-23,7.2722314513288495
2024-05-24,10.73809121869159
2024-05-25,19.85334418058219
2024-05-26,8.26931190030929
2024-05-27,11.95310684358021
2024-05-28,10.728836857326565
2024-05-29,16.729687924825924
2024-05-30,23.399140279787225
2024-05-31,8.08687765709897
2024-06-01,8.270754864504893
2024-06-02,15.915474607768813
2024-06-03,14.080833811779655
2024-06-04,19.881607535557563
2024-06-05,13.544395184986113
2024-06-06,8.804966370527112
2024-06-07,13.53136316516275
2024-06-08,16.09825912961572
2024-06-09,14.633794782195865
2024-06-10,13.04438752262139
2024-06-11,15.818015554243186
2024-06-12,16.30773645314737
2024-06-13,17.348661913308632
2024-06-14,13.658017323117019
2024-06-15,9.555471287832846
2024-06-16,11.101217210471667
2024-06-17,16.37677439189312
2024-06-18,6.2361260852132805
2024-06-19,12.140740372727379
2024-06-20,8.307244070083309
2024-06-21,10.39422187268409
2024-06-22,16.619312428113318
2024-06-23,11.159099950914955
2024-06-24,10.412335393947249
2024-06-25,3.357416945212009
2024-06-26,13.86450783980452
2024-06-27,13.337201045591282
2024-06-28,20.902592065366733
2024-06-29,8.52396416986097
2024-06-30,11.135142873678934
2024-07-01,11.262844947718644
2024-07-02,17.87972803299294
2024-07-03,9.492519296591512
2024-07-04,11.340640539201042
2024-07-05,12.961552446352378
2024-07-06,10.83165394468171
2024-07-07,7.642980539082934
2024-07-08,10.822141119141744
2024-07-09,15.196395114689466
2024-07-10,4.67220815501661
2024-07-11,10.4461847934072
2024-07-12,6.25728801043485
2024-07-13,15.709685191961075
2024-07-14,2.095082193212665
2024-07-15,6.892977265941284
2024-07-16,11.550221185886377
2024-07-17,17.468363195755245
2024-07-18,9.288579321581677
2024-07-19,6.81792731669992
2024-07-20,18.976311773877356
2024-07-21,2.3070659617390445
2024-07-22,-1.470277314238377
2024-07-23,11.70045009923047
2024-07-24,6.966740889427344
2024-07-25,4.347491276848956
2024-07-26,12.972090546248722
2024-07-27,10.625974828532721
2024-07-28,6.56325146521266
2024-07-29,2.958806800552261
2024-07-30,13.699310832476607
2024-07-31,12.564737106431874
2024-08-01,8.794570957794864
2024-08-02,18.50036675742816
2024-08-03,3.8935022923088036
2024-08-04,1.5930578679718739
2024-08-05,5.737914629249087
2024-08-06,8.946310215676887
2024-08-07,10.367737330775107
2024-08-08,7.921674454492861
2024-08-09,10.864961663685516
2024-08-10,2.8238331798679566
2024-08-11,16.277215027713318
2024-08-12,8.624514312995089
2024-08-13,14.598644455661447
2024-08-14,10.702704421391767
2024-08-15,11.24977387973671
2024-08-16,11.791792385728161
2024-08-17,11.15846549462593
2024-08-18,12.110522116240814
2024-08-19,15.519675905114962
2024-08-20,9.83354375826135
2024-08-21,12.373001473080986
2024-08-22,8.3563695112632
2024-08-23,15.98272028153408
2024-08-24,5.377280241206164
2024-08-25,17.741073190249956
2024-08-26,8.512732674736688
2024-08-27,1.536820848529131
2024-08-28,9.30841529429496
2024-08-29,5.2398551227393435
2024-08-30,12.825575075195058
2024-08-31,5.336505483374694
2024-09-01,6.346000792392023
2024-09-02,-0.8934681895826344
2024-09-03,6.270046702538819
2024-09-04,-3.610449775201266
2024-09-05,0.5668274234494204
2024-09-06,12.265836026254668
2024-09-07,12.37021166279412
2024-09-08,10.54597411913511
2024-09-09,3.5613087488861943
2024-09-10,8.135163948455554
2024-09-11,8.333267804983386
2024-09-12,2.537045728370294
2024-09-13,15.823478655337372
2024-09-14,12.670946265118925
2024-09-15,7.156991697348053
2024-09-16,8.373949998831545
2024-09-17,9.259173958294376
2024-09-18,-2.0136440376694296
2024-09-19,6.93694544243391
2024-09-20,4.740745223438664
2024-09-21,3.1204329728861424
2024-09-22,6.700930959758037
2024-09-23,17.07279769511897
2024-09-24,11.266545630314837
2024-09-25,5.18443665576896
2024-09-26,10.881280200528188
2024-09-27,14.993212964461872
2024-09-28,12.597708872546367
2024-09-29,8.250832562229315
2024-09-30,4.696173046049077
2024-10-01,11.400186080576926
2024-10-02,9.854745761783278
2024-10-03,12.341571389026676
2024-10-04,11.019788270933528
2024-10-05,13.070054719107699
2024-10-06,5.124515257527334
2024-10-07,14.366100495178987
2024-10-08,8.745606106572275
2024-10-09,18.112429811869905
2024-10-10,4.268743558096415
2024-10-11,16.373099082503348
2024-10-12,8.661472004143409
2024-10-13,4.393507074137954
2024-10-14,5.2098882952664844
2024-10-15,6.006343048072775
2024-10-16,9.707713576474232
2024-10-17,10.179908053212595
2024-10-18,4.676120255795027
2024-10-19,7.401780250741969
2024-10-20,18.213881595482064
2024-10-21,16.119266276312366
2024-10-22,9.642233809246552
2024-10-23,7.629742676611349
2024-10-24,8.01903691169591
2024-10-25,10.465670678609731
2024-10-26,2.263364446876068
2024-10-27,6.069737340713465
2024-10-28,-1.0069609140985643
2024-10-29,9.311461543164246
2024-10-30,10.530759525223765
2024-10-31,4.85832920728149
2024-11-01,15.123725195998661
2024-11-02,1.1045414666435383
2024-11-03,-0.10887730389115724
2024-11-04,8.314932790335975
2024-11-05,12.407891466745827
2024-11-06,15.571814693200775
2024-11-07,4.837581599584204
2024-11-08,12.505284524010197
2024-11-09,6.899266585696832
2024-11-10,6.208652511173088
2024-11-11,11.470120644615374
2024-11-12,10.293519530864932
2024-11-13,-0.8699188631328241
2024-11-14,14.374933420223499
2024-11-15,13.872931523764244
2024-11-16,3.8249580227198257
2024-11-17,8.912140034046184
2024-11-18,9.383678557118486
2024-11-19,8.19735649818167
2024-11-20,4.122977089312325
2024-11-21,3.4969567154009784
2024-11-22,6.707929764056907
2024-11-23,12.680028006239253
2024-11-24,9.51512305981609
2024-11-25,4.924846947585108
2024-11-26,10.617265784321281
2024-11-27,-7.503029590171967
2024-11-28,12.464481311831959
2024-11-29,-1.9968884162603358
2024-11-30,4.8705621638184935
2024-12-01,1.0655628706361515
2024-12-02,0.17170987130688253
2024-12-03,12.43051587893896
2024-12-04,4.269200765682135
2024-12-05,8.32161150050766
2024-12-06,6.335935357127851
2024-12-07,8.937249737284997
2024-12-08,6.917723945285598
2024-12-09,0.10028414548959574
2024-12-10,11.478272375479731
2024-12-11,4.009910956605035
2024-12-12,-1.322397098112961
2024-12-13,4.301818387241767
2024-12-14,13.928138560994384
2024-12-15,10.65745769700826
2024-12-16,4.645161999128195
2024-12-17,4.624272482890754
2024-12-18,4.744589072013724
2024-12-19,16.718772900768133
2024-12-20,8.227044570399324
2024-12-21,8.449975882279166
2024-12-22,11.433651602977728
2024-12-23,7.458713501679508
2024-12-24,4.952157375436342
2024-12-25,5.248286617608635
2024-12-26,5.854765020395379
2024-12-27,6.0094636199224585
2024-12-28,9.816594370065157
2024-12-29,6.42111662774642
2024-12-30,9.807597161242645
2024-12-31,5.723892812087627
2025-01-01,6.503800293251343
2025-01-02,-3.897160430637272
2025-01-03,10.658770366107497
2025-01-04,7.792934050949801
2025-01-05,11.033972905151419
2025-01-06,-8.453852518799442
2025-01-07,16.45287156985938
2025-01-08,5.296695561136433
2025-01-09,11.519275747571909
2025-01-10,0.7626226192326939
2025-01-11,9.009885322280779
2025-01-12,0.6628747956015877
2025-01-13,2.7951182152813656
2025-01-14,15.468204107695264
2025-01-15,4.928793885101643
2025-01-16,6.953603354095862
2025-01-17,10.201085606523755
2025-01-18,8.313539539424156
2025-01-19,6.571683268461929
2025-01-20,7.628928209168258
2025-01-21,17.805811701341483
2025-01-22,5.485326804922406
2025-01-23,6.76367978673389
2025-01-24,10.996297354985803
2025-01-25,11.255573229924341
2025-01-26,11.64809096028186
2025-01-27,8.891664394970368
2025-01-28,-0.03185913456890521
2025-01-29,13.835553832750207
2025-01-30,-0.07802114872949861
2025-01-31,7.152271994756836
2025-02-01,1.8531837809227292
2025-02-02,5.289419473011589
2025-02-03,7.239551546243142
2025-02-04,7.188234274861726
2025-02-05,7.6768413851969
2025-02-06,13.621664387682571
2025-02-07,7.806731287759778
2025-02-08,4.304309947477945
2025-02-09,10.331644210596767
2025-02-10,11.44475825505531
2025-02-11,-0.6543533343259078
2025-02-12,8.457048803803751
2025-02-13,8.962357953210159
2025-02-14,3.955205876515273
2025-02-15,12.308170265755612
2025-02-16,4.666055012812583
2025-02-17,6.030996194683692
2025-02-18,4.524620302509612
2025-02-19,5.454824961368771
2025-02-20,-0.11741032388058592
2025-02-21,-1.8491685439771715
2025-02-22,13.310817597434312
2025-02-23,1.0907778875852596
2025-02-24,0.35600144593243854
2025-02-25,-5.46652231500257
2025-02-26,2.09317134870546
2025-02-27,-1.3398299938712572
2025-02-28,13.47342098824707
2025-03-01,10.300244452537347
2025-03-02,1.798308976490235
2025-03-03,16.489229577344844
2025-03-04,10.12395625786457
2025-03-05,3.57913887298654
2025-03-06,-7.305476850625914
2025-03-07,16.634609754692082
2025-03-08,-1.7795307711619692
2025-03-09,-3.0701377312134968
2025-03-10,10.25832264054339
2025-03-11,17.332937290069722
2025-03-12,12.044334693632285
2025-03-13,7.931402371676659
2025-03-14,8.074605739429263
2025-03-15,9.356980434689348
2025-03-16,8.873705808964923
2025-03-17,6.47427206715497
2025-03-18,5.578664679764513
2025-03-19,4.734130114918907
2025-03-20,1.2668020414080527
2025-03-21,3.6228717237470622
2025-03-22,-3.448821696541984
2025-03-23,4.51407290272549
2025-03-24,0.05271780990788777
2025-03-25,-0.532277035075662
2025-03-26,5.875230657054294
2025-03-27,11.92595607568608
2025-03-28,9.547807055373859
2025-03-29,-2.905904727422665
2025-03-30,-0.01107299881190027
2025-03-31,9.631488388299353
2025-04-01,0.005855857782858465
2025-04-02,3.7858833060953803
2025-04-03,7.6501618748553994
2025-04-04,0.04912776052960055
2025-04-05,5.408772789430764
2025-04-06,-1.7970901871685117
2025-04-07,1.85743813623911
2025-04-08,6.45452236896411
2025-04-09,-3.1179221207877506
2025-04-10,7.040951823178201
2025-04-11,4.732018693499751
2025-04-12,7.58438521243077
2025-04-13,5.933332288374665
2025-04-14,11.626388597994158
2025-04-15,5.423832669508652
2025-04-16,2.6428052613888684
2025-04-17,5.393542618880878
2025-04-18,7.490866933743069
2025-04-19,5.011098594167666
2025-04-20,4.962278141489228
2025-04-21,1.2419828969503994
2025-04-22,1.4301588237706482
2025-04-23,-2.2755402306523083
2025-04-24,13.47829341744089
2025-04-25,-1.4958818320868001
2025-04-26,1.2520342821229562
2025-04-27,1.1177513638242242
2025-04-28,9.177738701557278
2025-04-29,3.2217994641936176
2025-04-30,10.928791379343506
2025-05-01,1.316263383216996
2025-05-02,6.072425337582268
2025-05-03,0.49456001996638754
2025-05-04,15.390984625700716
2025-05-05,-1.2787062652070738
2025-05-06,6.202539567269218
2025-05-07,7.816574149398756
2025-05-08,6.71104270110686
2025-05-09,3.7100703259454146
2025-05-10,3.981970661159373
2025-05-11,4.844801386622636
2025-05-12,3.885508406056629
2025-05-13,9.434793098141379
2025-05-14,15.662996525270207
2025-05-15,1.8180116880393236
2025-05-16,-2.248349908239655
2025-05-17,4.154554592234663
2025-05-18,17.489917020051244
2025-05-19,0.5685088276163324
2025-05-20,12.778083051455775
2025-05-21,12.966726654404912
2025-05-22,1.8061113189596054
2025-05-23,7.414904430004102
2025-05-24,12.708015397548312
2025-05-25,2.666543742928982
2025-05-26,3.540537907064027
2025-05-27,1.6463996656368902
2025-05-28,-0.5225074491104387
2025-05-29,1.301468060968193
2025-05-30,-1.5751581820727862
2025-05-31,4.711755811218523
2025-06-01,0.6883757535247375
2025-06-02,5.704183194065235
2025-06-03,-3.2471044168124026
2025-06-04,6.184003771290027
2025-06-05,8.69458499402166
2025-06-06,-5.444291509833615
2025-06-07,6.392225170844104
2025-06-08,10.65795216304657
2025-06-09,-1.5308235955506246
2025-06-10,12.878127303833734
2025-06-11,6.6083540177939515
2025-06-12,0.9863031768323154
2025-06-13,4.230730587799452
2025-06-14,7.299534246119686
2025-06-15,4.886360684806007
2025-06-16,7.198658219560832
2025-06-17,-0.09983454589799123
2025-06-18,5.349103480355114
2025-06-19,-2.5673962605602325
2025-06-20,3.944033847418305
2025-06-21,-0.020274914581264625
2025-06-22,0.82082406741673
2025-06-23,10.678261632420947
2025-06-24,9.953779961740342
2025-06-25,7.542465328795652
2025-06-26,-0.9651318351531879
2025-06-27,2.914159036186992
2025-06-28,10.561571246223696
2025-06-29,5.204661072794077
2025-06-30,16.092830389423142
2025-07-01,6.462990626780598
2025-07-02,5.456978435313296
2025-07-03,2.951594763715981
2025-07-04,5.165438774029574
2025-07-05,3.736055290504083
2025-07-06,8.039731257071814
2025-07-07,9.28359615845008
2025-07-08,0.5711473917616958
2025-07-09,-2.153946416681901
2025-07-10,-4.6775712039633
2025-07-11,7.044763375514867
2025-07-12,-1.0105613276019874
2025-07-13,-6.256602303650023
2025-07-14,6.452436748404203
2025-07-15,16.976348594251867
2025-07-16,4.482918055984144
2025-07-17,8.707762524995077
2025-07-18,4.926606022829418
2025-07-19,4.02527618427822
2025-07-20,9.117486831229906
2025-07-21,3.0732265090866675
2025-07-22,5.86417056221557
2025-07-23,6.138422831792455
2025-07-24,1.1923214863628138
2025-07-25,9.495940697149889
2025-07-26,3.6640006969511205
2025-07-27,0.7632596435774102
2025-07-28,7.227836141372309
2025-07-29,0.05636410975213835
2025-07-30,4.693142602921071
2025-07-31,4.510290420504753
2025-08-01,9.989127697544799
2025-08-02,6.937021459813552
2025-08-03,4.442391975061002
2025-08-04,8.660470867111837
2025-08-05,11.526905928699467
2025-08-06,7.369264817904041
2025-08-07,4.636437856394797
2025-08-08,-1.9699284879458627
2025-08-09,-0.7316212036388148
2025-08-10,3.072634623534822
2025-08-11,1.5561248366676588
2025-08-12,3.6738737748443504
2025-08-13,4.897141166898153
2025-08-14,7.267633445968096
2025-08-15,4.272070862203357
2025-08-16,7.062585062512201
2025-08-17,4.958078085520561
2025-08-18,-5.235880511753708
2025-08-19,-0.049361138213575906
2025-08-20,3.932858825928128
2025-08-21,-1.3890790141392975
2025-08-22,7.665253825143132
2025-08-23,12.325697247842687
2025-08-24,10.772202746347375
2025-08-25,3.617747079236378
2025-08-26,12.145277660575989
2025-08-27,5.441787451915934
2025-08-28,3.0199411963682046
2025-08-29,1.6453963647189647
2025-08-30,3.207217671403126
2025-08-31,2.785956268658861
2025-09-01,5.586313610614267
2025-09-02,5.5446124635606475
2025-09-03,4.764600681809799
2025-09-04,6.941807455218655
2025-09-05,10.718212046732631
2025-09-06,9.520733493949187
2025-09-07,-2.643426768579591
2025-09-08,-7.980324196968823
2025-09-09,9.469217617109447
2025-09-10,-2.028320637134283
2025-09-11,3.690818879922001
2025-09-12,-1.0272279377023343
2025-09-13,-4.1777553963785135
2025-09-14,7.548388352740059
2025-09-15,8.64589677883804
2025-09-16,1.9767336074579127
2025-09-17,-8.08664282636761
2025-09-18,2.146747825795987
2025-09-19,6.846509954742297
2025-09-20,-2.497429610370398
2025-09-21,5.8236845989919654
2025-09-22,4.84021099597391
2025-09-23,7.823211469650876
2025-09-24,5.534768043099098
2025-09-25,0.08175223568760526
2025-09-26,10.940303705872024
2025-09-27,4.175266115554075
2025-09-28,4.8419775978568245
2025-09-29,0.32286535082420187
2025-09-30,2.783617280165268
2025-10-01,0.5869568967475152
2025-10-02,4.157300639123093
2025-10-03,13.591752351276327
2025-10-04,-1.8149982148395178
2025-10-05,-3.0118834068286517
2025-10-06,12.42330983089779
2025-10-07,4.0324929399287495
2025-10-08,1.7455192778722237
2025-10-09,10.3022965572982
2025-10-10,2.0867040634739276
2025-10-11,14.256957452055289
2025-10-12,8.528783829724269
2025-10-13,2.7119614723703935
2025-10-14,15.950542054275655
2025-10-15,2.148027264569557
2025-10-16,8.899798028666687
2025-10-17,6.698621736285722
2025-10-18,11.72382130127973
2025-10-19,13.035745188749026
2025-10-20,5.401402607063636
2025-10-21,1.4876034460070016
2025-10-22,7.567982700009651
2025-10-23,1.8930925464909194
2025-10-24,15.362271234569947
2025-10-25,5.991795413769616
2025-10-26,3.496412889533234
2025-10-27,6.260442154659666
2025-10-28,-1.3844527877836308
2025-10-29,0.5073645195151402
2025-10-30,11.381878282654334
2025-10-31,2.1098293171872133
2025-11-01,0.1743556641845112
2025-11-02,8.10690205901099
2025-11-03,11.367004597095475
2025-11-04,9.048213667136078
2025-11-05,10.448766548097169
2025-11-06,1.6997513479125619
2025-11-07,-1.6100102550106081
2025-11-08,13.021145191080034
2025-11-09,3.9166291013858245
2025-11-10,4.2915320349367425
2025-11-11,12.202454049633628
2025-11-12,8.3585369549765
2025-11-13,7.8728466218312105
2025-11-14,16.434557565309955
2025-11-15,2.408209932893252
2025-11-16,10.28137407108544
2025-11-17,5.943728438845477
2025-11-18,7.018230564664925
2025-11-19,13.334334563833334
2025-11-20,8.24801131181414
2025-11-21,8.417269791737702
2025-11-22,11.105399645660913
2025-11-23,3.9352894981060373
2025-11-24,1.5813115461250629
2025-11-25,0.5707371248288968
2025-11-26,-4.019460241275075
2025-11-27,16.111014286597076
2025-11-28,0.3317089808811229
2025-11-29,4.759371024764235
2025-11-30,4.499577054990496
2025-12-01,7.4387974503140075
2025-12-02,9.998686341067726
2025-12-03,10.240719861345966
2025-12-04,3.0414331043827225
2025-12-05,5.13979525353869
2025-12-06,7.407002657406812
2025-12-07,4.769461822111623
2025-12-08,14.068575253712341
2025-12-09,8.505767330487501
2025-12-10,9.744441883545385
2025-12-11,9.403734762799562
2025-12-12,11.976088159707198
2025-12-13,7.033332005391714
2025-12-14,-0.33631540277813254
2025-12-15,8.166018903827641
2025-12-16,2.9306440631446673
2025-12-17,3.5643089840528583
2025-12-18,9.1592907142588
2025-12-19,12.439078464286768
2025-12-20,6.374327627002973
2025-12-21,7.832555481352498
2025-12-22,14.81999974331011
2025-12-23,7.53333933265401
2025-12-24,19.358751119702035
2025-12-25,9.198759472921143
2025-12-26,-2.4116133901614116
2025-12-27,10.180011018056879
2025-12-28,8.340310569754694
2025-12-29,12.904611252936757
2025-12-30,9.8431960575755
2025-12-31,5.806564057335512
2026-01-01,0.39902020362992285
2026-01-02,5.497175111394061
2026-01-03,2.3115816162467286
2026-01-04,3.683571474923493
2026-01-05,9.551197799020322
2026-01-06,14.980057435761982
2026-01-07,8.626233650797609
2026-01-08,0.6959135949201034
2026-01-09,8.920906829165634
2026-01-10,12.703727046313833
2026-01-11,3.6944426197349665
2026-01-12,6.0961700992925785
2026-01-13,6.862706819241841
2026-01-14,2.887895171953895
2026-01-15,10.0770206330858
2026-01-16,6.254220136648916
2026-01-17,8.98007605763983
2026-01-18,2.4685163020718495
2026-01-19,4.742359287660371
2026-01-20,10.565341271178516
2026-01-21,5.113162356954909
2026-01-22,15.636150798308114
2026-01-23,5.027263673588635
2026-01-24,8.173090768875186
2026-01-25,11.73695315971141
2026-01-26,0.006611359233749781
2026-01-27,-1.681054008876675
2026-01-28,-0.4806326521591533
2026-01-29,13.485336987697398
2026-01-30,4.438001807557396
2026-01-31,20.013273383502565
2026-02-01,4.426131565510717
2026-02-02,8.195326696442578
2026-02-03,15.008428414228131
2026-02-04,17.353759242357132
2026-02-05,17.65633634285102
2026-02-06,13.416280606095935
2026-02-07,12.520500237148983
2026-02-08,10.388667495435534
2026-02-09,11.343790081585297
2026-02-10,4.722114702758361
2026-02-11,3.413213904342707
2026-02-12,7.513607344672944
2026-02-13,6.7059339211529405
2026-02-14,5.3172000982660546
2026-02-15,11.091866618428917
2026-02-16,12.413150000148681
2026-02-17,8.105458318352762
2026-02-18,15.0779793875037
2026-02-19,2.0088934836734165
2026-02-20,6.776156616634388
2026-02-21,4.187561763846137
2026-02-22,-1.5336858622260365
2026-02-23,7.4130218587359495
2026-02-24,7.245219824218171
2026-02-25,15.448841977516231
2026-02-26,11.063391198616527
2026-02-27,2.8162415892516552
2026-02-28,17.235584698067598
2026-03-01,14.098339518668691
2026-03-02,10.931811549657747
2026-03-03,6.917157142228077
2026-03-04,3.2807384649582074
2026-03-05,6.245359982086541
2026-03-06,13.578698169217274
2026-03-07,17.586549594423722
2026-03-08,15.90860027617064
2026-03-09,5.777001460942791
2026-03-10,2.652128491298221
2026-03-11,8.983714919573176
2026-03-12,-0.5337443907148991
2026-03-13,9.953560269123368
2026-03-14,7.629078319842223
2026-03-15,6.066378368995711
2026-03-16,0.45261502351250815
2026-03-17,11.02380000817211
2026-03-18,5.822063804736688
2026-03-19,2.665851541562944
2026-03-20,-5.815908663956348
2026-03-21,8.437893299556412
2026-03-22,17.46688974411652
2026-03-23,16.9421900554784
2026-03-24,6.380772979039426
2026-03-25,5.685652066739171
2026-03-26,11.071139351771434
2026-03-27,3.765993942342547
2026-03-28,10.297630834922778
2026-03-29,12.649919821407032
2026-03-30,14.98512830299424
2026-03-31,8.380731978861535
2026-04-01,7.894269973690013
2026-04-02,4.553958100615783
2026-04-03,4.840797280281155
2026-04-04,7.874228071926197
2026-04-05,10.874968768821358
2026-04-06,13.637678047919582
2026-04-07,5.0855685792977745
2026-04-08,16.596709081480668
2026-04-09,7.809545376475188
2026-04-10,9.090318047839116
2026-04-11,5.493181005376402
2026-04-12,-2.859783525432581
2026-04-13,13.713916374369512
2026-04-14,13.01027348390194
2026-04-15,7.951873554293132
2026-04-16,9.72601474824814
2026-04-17,12.003399297808972
2026-04-18,1.6437079399822938
2026-04-19,6.843999562718421
2026-04-20,13.493503523361657
2026-04-21,3.2837413757519407
2026-04-22,11.056077448014372
2026-04-23,2.838568726501057
2026-04-24,11.98690802761805
2026-04-25,9.509921208660838
2026-04-26,1.6459299185855318
2026-04-27,15.578835754966885
2026-04-28,6.115820422135775
2026-04-29,5.771244514591051
2026-04-30,10.859169879605574
2026-05-01,15.633416363739709
2026-05-02,4.845114502263746
2026-05-03,10.266704811380254
2026-05-04,12.136557739170762
2026-05-05,13.492260384531981
2026-05-06,10.943284394513183
2026-05-07,8.260368574692045
2026-05-08,5.9920744227459215
2026-05-09,10.595349021803381
2026-05-10,4.838624671705115
2026-05-11,-4.372656797540024
2026-05-12,12.451756010001358
2026-05-13,14.823577761632755
2026-05-14,-1.4757271410912178
2026-05-15,5.325397621624
2026-05-16,13.505022900603823
2026-05-17,20.732013449098012
2026-05-18,10.583872910148504
2026-05-19,6.875341413847723
2026-05-20,9.636408849411318
2026-05-21,17.460890981082848
2026-05-22,7.39238842335137
2026-05-23,6.66203202936287
2026-05-24,8.280139211158563
2026-05-25,5.963160260878561
2026-05-26,11.379182786763897
2026-05-27,18.925332531170284
2026-05-28,12.453526465788638
2026-05-29,9.612632981297018
2026-05-30,9.45169476943055
2026-05-31,3.131227622039501
2026-06-01,15.399240730335137
2026-06-02,10.631095363357367
2026-06-03,10.154550305278857
2026-06-04,27.059234953561862
2026-06-05,12.624287307939799
2026-06-06,7.408471271521277
2026-06-07,9.072620093485249
2026-06-08,16.983695661238166
2026-06-09,11.844955387587458
2026-06-10,4.1244265316211415
2026-06-11,15.949250741909495
2026-06-12,8.049751532623706
2026-06-13,20.794402665191022
2026-06-14,16.86567155510018
2026-06-15,9.26641449453907
2026-06-16,17.945773516047083
2026-06-17,11.917711666241646
2026-06-18,15.880119249719737
2026-06-19,14.077805757050985
2026-06-20,7.460322908877608
2026-06-21,8.512394932225018
2026-06-22,16.918059167498985
2026-06-23,10.13256215884912
2026-06-24,9.826452674313128
2026-06-25,7.107410372756513
2026-06-26,14.0394186599211
2026-06-27,22.27251944887091
2026-06-28,6.660772934269541
2026-06-29,12.158148247065009
2026-06-30,19.13683767646419
2026-07-01,11.716282027785256
2026-07-02,14.415171869414175
2026-07-03,6.880238640863933
2026-07-04,14.37270431928308
2026-07-05,11.334478886195011
2026-07-06,17.237950061213233
2026-07-07,18.285398372342
2026-07-08,25.335522182100746
2026-07-09,15.325173186223015
2026-07-10,14.095359405944336
2026-07-11,13.477736651806271
2026-07-12,10.779487481244715
2026-07-13,14.277308106174342
2026-07-14,11.147517584840255
2026-07-15,13.506530726787371
2026-07-16,19.291979855973953
2026-07-17,7.711110465206372
2026-07-18,18.48311164991248
2026-07-19,19.40925382967434
2026-07-20,12.273359259065465
2026-07-21,2.2945142078991108
2026-07-22,9.904828639052173
2026-07-23,19.469123895611247
2026-07-24,12.910085809586429
2026-07-25,8.068251940430475
2026-07-26,10.58128715095727
2026-07-27,17.348721870272573
2026-07-28,15.919810535228303
2026-07-29,12.032063780303895
2026-07-30,11.433244073389785
2026-07-31,11.349277166140922
2026-08-01,8.736778337846
2026-08-02,21.46652827353544
2026-08-03,11.818926908940107
2026-08-04,19.557259796281535
2026-08-05,21.11904354196851
2026-08-06,18.545071660350125
2026-08-07,11.436526933647816
2026-08-08,15.654447359563374
2026-08-09,13.556044011546765
2026-08-10,9.199794241742262
2026-08-11,15.381437462786629
2026-08-12,7.905835254019179
2026-08-13,19.780879593919494
2026-08-14,11.560899531711803
2026-08-15,14.931342226952266
2026-08-16,15.383595434842109
2026-08-17,12.714297174957684
2026-08-18,16.98401049013058
2026-08-19,11.71779574725944
2026-08-20,18.490625808420567
2026-08-21,7.446118587984794
2026-08-22,14.84984456591329
2026-08-23,23.954572986253886
2026-08-24,9.300303966862224
2026-08-25,10.955319244059899
2026-08-26,16.95571739075578
2026-08-27,15.326271267436677
2026-08-28,16.223746868807158
2026-08-29,16.958815466633954
2026-08-30,17.728819659662854
2026-08-31,20.146092713260536
2026-09-01,16.689116288002253
2026-09-02,13.476212170417226
2026-09-03,18.087893956390644
2026-09-04,24.267007324319877
2026-09-05,14.147047935321053
2026-09-06,9.980235603962676
2026-09-07,20.430997000742575
2026-09-08,14.336445052113344
2026-09-09,4.117805673096882
2026-09-10,19.261109256510167
2026-09-11,12.390251966945174
2026-09-12,14.657162691048722
2026-09-13,16.81271076217591
2026-09-14,16.14833093638341
2026-09-15,18.786158092711034
2026-09-16,13.104576284529315
2026-09-17,17.890688538415272
2026-09-18,14.070619468022734
2026-09-19,19.105640084999273
2026-09-20,18.531701058927133
2026-09-21,10.82098683760076
2026-09-22,20.971448004820573
2026-09-23,12.90511725767617
2026-09-24,19.668660132678013
2026-09-25,17.50828358010587
2026-09-26,24.906280097313978
2026-09-27,14.641584944281636
2026-09-28,14.055922074611097
2026-09-29,15.749036894327466
2026-09-30,14.373902160459298
2026-10-01,19.93321362986169
2026-10-02,7.895690630063834
2026-10-03,10.75260724667051
2026-10-04,10.725816133779457
2026-10-05,20.860215440567984
2026-10-06,24.705626032600954
2026-10-07,15.674229325762429
2026-10-08,15.396317220416455
2026-10-09,16.63467084799336
2026-10-10,22.13781912825914
2026-10-11,11.735712521975637
2026-10-12,17.60840628703101
2026-10-13,21.33666491282826
2026-10-14,19.01029482133517
2026-10-15,17.496910686163517
2026-10-16,21.598442727634083
2026-10-17,3.1212910974383643
2026-10-18,20.071099699282563
2026-10-19,13.455645071932889
2026-10-20,7.617188840815638
2026-10-21,19.370725216324956
2026-10-22,23.727392498335043
2026-10-23,16.2162730172242
2026-10-24,21.712332011711005
2026-10-25,25.053821721603164
2026-10-26,23.61150092898687
2026-10-27,25.281276213265524
2026-10-28,20.836642205221086
2026-10-29,17.54775000779824
2026-10-30,9.205355298766307
2026-10-31,16.02949954535309
2026-11-01,13.088231320919629
2026-11-02,28.203854480900105
2026-11-03,16.514412311950284
2026-11-04,18.054589373620452
2026-11-05,20.240739270187788
2026-11-06,17.74609435637912
2026-11-07,26.048129344719694
2026-11-08,14.504441234469963
2026-11-09,18.635560701182104
2026-11-10,13.995026958132193
2026-11-11,11.152144470163964
2026-11-12,14.73830898740513
2026-11-13,17.656887746132725
2026-11-14,15.740497369535444
2026-11-15,14.469859422096913
2026-11-16,10.945351498116658
2026-11-17,17.606403710853616
2026-11-18,10.543340320504942
2026-11-19,21.912250081330683
2026-11-20,18.569214151549094
2026-11-21,10.914319661326207
2026-11-22,16.70110978876806
2026-11-23,14.53146700064253
2026-11-24,19.9332308699125
2026-11-25,25.084734867045146
2026-11-26,9.051759232775591
2026-11-27,19.047905140675418
2026-11-28,17.717277745626742
2026-11-29,21.91982249338622
2026-11-30,19.674298643554394
2026-12-01,14.893674832713621
2026-12-02,17.1034699940284
2026-12-03,14.763840355167591
2026-12-04,24.169246678689404
2026-12-05,18.941021548938476
2026-12-06,28.38567962115021
2026-12-07,18.621695170470343
2026-12-08,15.428248205808654
2026-12-09,11.447002224965358
2026-12-10,10.045176894350229
2026-12-11,11.185505181109894
2026-12-12,20.487135897482908
2026-12-13,21.740453223421568
2026-12-14,11.336207373201912
2026-12-15,23.762692133677433
2026-12-16,16.917541481175043
2026-12-17,20.11216406461697
2026-12-18,27.484660092233238
2026-12-19,23.953116750021557
2026-12-20,18.171635016611845
2026-12-21,15.103699672401794
2026-12-22,8.845960386186977
2026-12-23,16.05465103207465
2026-12-24,18.640149903736255
2026-12-25,14.805289757839914
2026-12-26,19.13029127195346
2026-12-27,20.216226246062273
2026-12-28,18.753079248028204
2026-12-29,16.6727397725916
2026-12-30,20.81142034190226
